CITY, POPULATION
Acalanes Ridge, 1137
Acampo, 341
Acton, 7596
Adelanto, 31239
Adin-Lookout, 789
Adin, 272
Agoura Hills, 20657
Agua Dulce, 3342
Aguanga, 1128
Ahwahnee, 2246
Airport, 1964
Alameda, 75641
Alamo, 14570
Albany, 18969
Alhambra Valley, 924
Alhambra, 84322
Aliso Viejo, 49493
Allendale, 1506
Allensworth, 471
Alondra Park, 8592
Alpaugh, 1026
Alpine, 14236
Alta Sierra, 6911
Altadena, 42777
Alta, 610
Alto, 711
Alturas, 2718
Alum Rock, 15536
American Canyon, 19933
Amesti, 3478
Anaheim, 343248
Anchor Bay, 340
Anderson, 10058
Angels City, 3458
Angels, 3753
Angwin, 3051
Antelope, 45770
Antioch, 105508
Anza-Borrego Springs, 3373
Anza, 3014
Apple Valley, 70700
Aptos Hills-Larkin Valley, 2381
Aptos, 6220
Arbuckle, 3028
Arcadia, 57497
Arcata, 17726
Arden-Arcade, 92186
Armona, 4156
Arnold, 3843
Aromas, 2650
Arrowhead, 28450
Arroyo Grande, 17543
Artesia, 16682
Artois, 295
Arvin, 20127
Ashland, 21925
Atascadero, 28814
Atherton, 7191
Atwater, 28742
Auberry, 2369
Auburn Lake Trails, 3426
Auburn, 13676
August, 8390
Avalon, 3765
Avenal, 14846
Avery, 646
Avilla Beach, 1627
Avocado Heights, 15411
Azusa, 47407
Bakersfield, 358597
Baker, 735
Baldwin Park, 76419
Ballard, 467
Ballico, 406
Bangor, 646
Banning, 30310
Barstow, 23033
Bass Lake, 527
Bay Point, 21349
Bayview-Montalvin, 5305
Bayview, 2510
Baywood-Los Osos, 15151
Beale AFB, 1319
Bear Creek, 290
Bear Valley Springs, 5172
Beaumont, 39455
Beckwourth, 432
Bell Canyon, 2049
Bell Gardens, 42757
Bella Vista, 2781
Bellflower, 77356
Bell, 35820
Belmont, 26491
Belvedere, 2108
Ben Lomond, 6234
Benbow, 321
Bend, 619
Benicia, 27426
Benton, 280
Berkeley, 115403
Bermuda Dunes, 7282
Berry Creek, 1424
Berryessa, 1732
Bertsch-Oceanview, 2436
Bethel Island, 2137
Beverly Hills, 34622
Bieber, 312
Big Bear City, 12304
Big Bear Lake, 5116
Big Bear, 28837
Big Pine, 1756
Big River, 1327
Big Valley, 1599
Biggs, 1710
Biola, 1623
Bishop, 3864
Black Point-Green Point, 1306
Blackhawk-Camino Tassajara, 10652
Blackhawk, 9354
Blacklake, 930
Bloomfield, 345
Bloomington, 23851
Blue Lake, 1248
Blythe, 20590
Bodega Bay, 1077
Bodega, 220
Bodfish, 1956
Bolinas, 1620
Bombay Beach, 295
Bonadelle Ranchos-Madera Ranchos, 8569
Bonita, 12538
Bonny Doon, 2678
Bonsall, 3982
Boonville, 1035
Bootjack, 960
Boronda, 1710
Boron, 2253
Borrego Springs, 3429
Bostonia, 15379
Boulder Creek, 4923
Boulevard, 315
Boyes Hot Springs, 6656
Bradbury, 1072
Brawley, 25567
Brea, 40330
Brentwood, 53673
Bret Harte, 5152
Bridgeport, 575
Briones, 6817
Brisbane, 4394
Broadmoor, 4176
Brookdale, 1991
Brooktrails, 3235
Buckhorn, 2429
Buellton, 4904
Buena Park, 82155
Buena Vista, 1742
Burbank, 104391
Burlingame, 29660
Burney, 3154
Burnt Ranch, 281
Butte Creek Canyon, 1086
Butte Valley, 1883
Buttonwillow, 1508
Byron, 1277
Bystrom, 4008
Cabazon, 2535
Calabasas, 23954
Calexico, 39310
California City, 13364
California Pines, 520
Calimesa, 8066
Calipatria, 7962
Calistoga, 5208
Callender, 1262
Calpella, 679
Calpine, 205
Calwa, 846
Camanche North Shore, 979
Camanche Village, 847
Camarillo, 65968
Cambrian Park, 3282
Cambria, 6032
Cameron Park, 18228
Camino Tassajara, 2197
Camino, 1750
Camp Pendleton North, 5200
Camp Pendleton South, 10616
Campbell, 40272
Campo, 2684
Canby, 315
Cantua Creek, 466
Canyon Lake, 10861
Capitola, 10012
Carlsbad, 109318
Carmel Valley Village, 4407
Carmel Valley, 6266
Carmel-by-the-Sea, 3807
Carmel, 15677
Carmichael, 61762
Carnelian Bay, 524
Carpinteria Valley, 19142
Carpinteria, 13231
Carson, 93002
Caruthers, 2497
Casa Conejo, 3249
Casa de Oro-Mount Helix, 18762
Caspar, 509
Cassel, 207
Castaic, 19015
Castle Hill, 1299
Castro Valley, 61388
Castroville, 6481
Cathedral City, 52655
Catheys Valley, 825
Cayucos, 2592
Cazadero, 354
Cedar Ridge, 1132
Cedarville, 514
Centerville, 392
Central Coast, 238434
Central Colusa, 10807
Central Contra Costa, 486883
Central Shasta, 11467
Ceres, 45719
Cerritos, 49629
Chalfant, 651
Challenge-Brownsville, 1148
Channel Islands Beach, 3103
Charter Oak, 9310
Cherokee Strip, 227
Cherry Valley, 6362
Cherryland, 14728
Chester, 2144
Chico, 87714
Chilcoot-Vinton, 454
China Lake Acres, 1876
Chino Hills, 76457
Chino, 80164
Chowchilla, 17925
Chualar, 1190
Chuckwalla, 14948
Chula Vista, 252422
Citrus Heights, 84870
Citrus, 10866
Claremont, 35457
Clarksburg, 1567
Clayton, 11318
Clay, 1195
Clearlake Oaks, 2359
Clearlake Riviera, 3090
Clearlake, 15029
Cleone, 618
Cloverdale-Geyserville, 12805
Cloverdale, 8695
Clovis, 98632
Clyde, 678
Coachella Valley, 156830
Coachella, 42734
Coalinga, 16789
Coarsegold, 1840
Coastal, 1177
Cobb, 1778
Coffee Creek, 217
Cohasset, 847
Cold Springs, 446
Coleville, 495
Colfax-Summit, 24007
Colfax, 2006
College City, 290
Collierville, 1934
Colma, 1470
Coloma, 529
Colton, 53123
Columbia, 2297
Colusa, 5962
Commerce, 12954
Compton, 97559
Concord, 124711
Concow, 710
Copperopolis, 3671
Corcoran, 23551
Corning, 7645
Coronado, 23391
Corona, 158391
Coronita, 2608
Corralitos, 2326
Corte Madera, 9377
Costa Mesa, 111918
Cotati, 7360
Coto de Caza, 14866
Cottonwood, 3316
Coulterville, 2969
Coultervillle, 201
Country Club, 9379
Courtland, 355
Covelo, 1255
Covina, 48346
Cowan, 318
Crescent City North, 4214
Crescent City, 7394
Cressey, 394
Crestline, 10770
Crestmore Heights, 384
Crest, 2593
Crockett, 3094
Cromberg, 261
Crowley Lake, 875
Crows Landing, 355
Cudahy, 24021
Culver City, 39313
Cupertino, 60009
Cutler, 5000
Cutten, 3108
Cuyama, 1351
Cypress, 48779
Daly City, 103690
Dana Point, 34048
Danville, 43088
Davenport, 408
Davis, 65993
Day Valley, 3409
Death Valley, 620
Deer Park, 1267
Del Aire, 10001
Del Mar, 4261
Del Monte Forest, 4514
Del Rey Oaks, 1662
Del Rey, 1639
Del Rio, 1270
Delano, 52426
Delft Colony, 454
Delhi, 10755
Delleker, 705
Delta, 5393
Denair, 4404
Derby Acres, 322
Descanso, 1423
Desert Center, 204
Desert Edge, 3822
Desert Hot Springs, 27745
Desert Palms, 6957
Desert Shores, 1104
Desert View Highlands, 2360
Diablo Grande, 826
Diablo Range, 837
Diablo, 1158
Diamond Bar, 56363
Diamond Springs, 11037
Dillon Beach, 283
Dinuba, 22955
Discovery Bay, 13352
Dixon Lane-Meadow Creek, 2645
Dixon, 18660
Dobbins, 624
Dogtown, 2506
Dollar Point, 1215
Donner, 15187
Dorrington, 609
Dorris, 917
Dos Palos Y, 323
Dos Palos, 5044
Douglas City, 713
Downey, 112873
Downieville, 282
Doyle, 678
Duarte, 21657
Dublin, 48775
Ducor, 612
Dunnigan, 1416
Dunsmuir, 1602
Durham, 5518
Dustin Acres, 652
Earlimart, 8537
East Colusa, 9242
East Compton, 9472
East Contra Costa, 78216
East Foothills, 8269
East Hemet, 17418
East Imperial, 1854
East Kern, 82330
East La Mirada, 9757
East Los Angeles, 126496
East Nicolaus, 225
East Oakdale, 2762
East Orosi, 495
East Palo Alto, 28867
East Pasadena, 6144
East Porterville, 6767
East Quincy, 2489
East Rancho Dominguez, 15135
East Richmond Heights, 3280
East San Gabriel Valley, 952352
East San Gabriel, 14874
East Shasta, 9034
East Sierra, 2320
East Sonora-Phoenix Lake, 12519
East Sonora, 2266
East Tehama, 4190
East Tulare Villa, 778
East Yolo, 36296
Easton, 2083
Eastvale, 54635
Edmundson Acres, 279
Edwards AFB, 2063
El Cajon, 101435
El Centro, 43107
El Cerrito, 24048
El Dorado Hills, 42108
El Granada, 5467
El Monte, 115111
El Nido, 330
El Paso de Robles (Paso Robles), 30556
El Portal, 474
El Rio, 7198
El Segundo, 16849
El Sobrante, 12669
El Toro, 178968
El Verano, 4123
Eldridge, 1233
Elizabeth Lake, 1756
Elk Grove, 159038
Elkhorn, 1565
Elsinore Valley, 93311
Elverta, 5492
Emerald Lake Hills, 4278
Emeryville, 10335
Empire, 4189
Encinitas, 60994
Escalon, 7266
Escondido, 147575
Esparto, 3108
Etna, 725
Eucalyptus Hills, 5313
Eureka, 26961
Exeter, 10466
Fair Oaks, 30912
Fairbanks Ranch, 3148
Fairfax, 7534
Fairfield, 107684
Fairmead, 1447
Fairview, 10003
Fall River Mills, 573
Fallbrook, 30534
Farmersville, 10740
Farmington, 207
Feather Falls, 5093
Felton, 4057
Ferndale, 1366
Fetters Hot Springs-Agua Caliente, 4144
Fiddletown, 235
Fieldbrook, 859
Fields Landing, 276
Fillmore, 15162
Firebaugh, 7946
Florence-Graham, 63387
Florin, 47513
Folsom, 73384
Fontana, 201812
Foothill Farms, 33121
Foothill Ranch, 11286
Forbestown, 320
Ford City, 4278
Forest Meadows, 1249
Forest Ranch, 1184
Foresthill-Back Country, 7652
Foresthill, 1483
Forestville, 3293
Fort Bragg, 7252
Fort Irwin, 8845
Fort Jones, 827
Fort Washington, 233
Fortuna, 11836
Foster City, 32129
Fountain Valley, 56464
Fowler, 5939
Franklin, 6149
Frazier Park, 2691
Freedom, 3070
Fremont, 221986
French Camp, 3376
French Gulch, 346
French Valley, 23067
Fresno, 505882
Friant, 509
Fruitdale, 935
Fruitridge Pocket, 5800
Fuller Acres, 991
Fullerton, 138574
Fulton, 541
Galt, 24337
Garberville, 12402
Garden Acres, 10648
Garden Farms, 386
Garden Grove, 174389
Gardena, 59490
Garnet, 7543
Gasquet, 661
Georgetown, 2367
Gerber-Las Flores, 1503
Gerber, 1060
Geyserville, 862
Gilroy, 50660
Glen Avon, 20199
Glen Ellen, 784
Glendale, 194478
Glendora, 50719
Gold River, 7912
Golden Hills, 8656
Goleta, 30289
Gonzales, 8364
Good Hope, 9192
Goshen, 3006
Graeagle, 737
Grand Terrace, 12290
Grangeville, 469
Granite Bay, 20402
Granite Hills, 3035
Grass Valley, 12808
Graton, 1707
Grayson, 952
Greeley Hill, 915
Green Acres, 1805
Green Valley, 1625
Greenacres, 5566
Greenfield-Panama, 20776
Greenfield, 16793
Greenhorn, 236
Greenview, 201
Greenville, 1129
Grenada, 367
Gridley, 6567
Grimes, 391
Grizzly Flats, 1066
Groveland-Big Oak Flat, 3451
Groveland, 4877
Grover Beach, 13342
Guadalupe, 7176
Guerneville, 4534
Guinda, 254
Gustine, 5625
Hacienda Heights, 54038
Half Moon Bay, 11653
Hamilton Branch, 537
Hamilton City, 1759
Hanford, 54324
Happy Camp, 2181
Harbison Canyon, 3841
Hartley, 2510
Hasley Canyon, 1137
Hat Creek, 309
Hawaiian Gardens, 14393
Hawthorne, 85681
Hayfork, 2368
Hayward, 149392
Healdsburg, 11440
Heber, 4275
Hemet, 81046
Herald, 1184
Hercules, 24660
Herlong, 298
Hermosa Beach, 19773
Hesperia, 92062
Hickman, 641
Hidden Hills, 1893
Hidden Meadows, 3485
Hidden Valley Lake, 5579
Highgrove, 3988
Highlands-Baywood Park, 4027
Highland, 54154
Hillsborough, 11144
Hilmar-Irwin, 5197
Hiouchi, 301
Hollister, 36096
Holtville, 6005
Home Gardens, 11570
Home Garden, 1761
Homeland, 5969
Homestead Valley, 3032
Honcut, 370
Honey Lake, 2881
Hood, 271
Hopland, 2212
Hornbrook-Hilt, 751
Hornbrook, 248
Hughson, 6836
Humboldt Hill, 3414
Huntington Beach, 194708
Huntington Park, 58673
Huron, 6798
Hyampom, 241
Hydesville, 1237
Idyllwild-Pine Cove, 3874
Idyllwild, 15608
Imperial Beach, 26845
Imperial, 15665
Independence, 669
Indian Wells, 5126
Indianola, 823
Indio Hills, 972
Indio, 79302
Industry, 222
Inglewood, 111182
Interlaken, 7321
Inverness, 1304
Inyokern, 1099
Ione, 7296
Iron Horse, 297
Irvine, 229985
Irwindale, 1436
Isla Vista, 23096
Isleton, 814
Ivanhoe, 4495
Jackson, 4570
Jacumba, 561
Jamestown, 3433
Jamul, 6163
Janesville, 1408
Johnstonville, 1024
Joshua Tree, 7414
Julian, 1502
Junction City, 680
June Lake, 629
Jurupa, 112225
Keene, 431
Kelly Ridge, 2544
Kelseyville, 3353
Kennedy, 3254
Kensington, 5077
Kentfield, 6485
Kenwood, 1028
Kerman, 14306
Kernville, 1395
Keswick, 451
Kettleman City, 1439
Keyes, 5601
King City, 13169
Kings Beach, 3796
Kingsburg, 11588
Klamath, 779
Knights Landing, 4319
Knightsen, 1568
La Canada Flintridge, 20493
La Crescenta-Montrose, 19653
La Habra Heights, 5411
La Habra, 61392
La Honda, 928
La Mesa, 58160
La Mirada, 49001
La Palma, 15860
La Presa, 34169
La Puente, 40272
La Quinta, 38783
La Riviera, 10802
La Selva Beach, 2843
La Verne, 31348
La Vina, 279
Ladera Heights, 6498
Ladera Ranch, 22980
Ladera, 1426
Lafayette, 24589
Laguna Beach, 23176
Laguna Hills, 30951
Laguna Niguel, 64452
Laguna West-Lakeside, 9395
Laguna Woods, 16493
Laguna, 38309
Lagunitas-Forest Knolls, 1819
Lake Almanor Country Club, 419
Lake Almanor Peninsula, 356
Lake Almanor West, 270
Lake Arrowhead, 12424
Lake California, 3054
Lake Don Pedro, 1077
Lake Elsinore, 55288
Lake Forest, 78853
Lake Hughes, 649
Lake Isabella, 3466
Lake Los Angeles, 12328
Lake Mathews, 21561
Lake Nacimiento, 2411
Lake Riverside, 1173
Lake San Marcos, 4437
Lake Sherwood, 1527
Lake Tahoe, 16057
Lake Wildwood, 4991
Lake of the Pines, 3917
Lake of the Woods, 917
Lakehead-Lakeshore, 601
Lakehead, 461
Lakeland Village, 11541
Lakeport, 4695
Lakeside, 20648
Lakeview, 2104
Lakewood, 80833
Lamont, 15120
Lanare, 589
Lancaster, 159055
Larkfield-Wikiup, 8884
Larkspur, 12099
Las Flores, 5971
Las Lomas, 3024
Las Posas, 4045
Lathrop, 19141
Laton, 1824
Lawndale, 33122
Laytonville-Leggett, 3966
Laytonville, 1227
Le Grand, 1659
Lebec, 1468
Lee Vining, 222
Lemon Cove, 308
Lemon Grove, 25961
Lemon Hill, 13729
Lemoore Station, 7438
Lemoore, 24738
Lennox, 22753
Lenwood, 3543
Leona Valley, 1607
Lewiston, 1193
Lexington Hills, 2421
Lexington, 4009
Lincoln Village, 4381
Lincoln, 44390
Linda Rural, 9329
Linda, 17773
Lindcove, 406
Linden, 1784
Lindsay, 12833
Linnell Camp, 849
Littlerock, 1377
Live Oak, 17158
Livermore, 83547
Livingston, 13538
Llagas-Uvas, 3214
Lockeford, 3233
Lockwood, 379
Lodi, 63301
Loleta, 783
Loma Linda, 23600
Loma Rica, 2368
Lomita, 20533
Lompico, 1137
Lompoc Valley, 58405
Lompoc, 43260
London, 1869
Lone Pine, 2035
Long Beach, 467892
Loomis Basin-Folsom Lake, 89014
Loomis, 6617
Los Alamitos, 11668
Los Alamos, 1890
Los Altos Hills, 8212
Los Altos, 29929
Los Angeles, 3857799
Los Banos, 36747
Los Berros, 641
Los Gatos, 30141
Los Molinos, 2037
Los Olivos, 1132
Los Osos, 14276
Los Padres, 785
Los Ranchos, 1477
Lost Hills, 2412
Lower Lake, 1294
Lower Trinity, 2223
Loyalton, 729
Loyola, 3261
Lucas Valley-Marinwood, 6094
Lucerne Valley, 5811
Lucerne, 3067
Lynwood, 70709
Lytle Creek, 701
Mad River, 897
Madeline Plains, 4161
Madera Acres, 9163
Madera, 62624
Madison, 503
Magalia, 11310
Malaga, 947
Malibu, 12832
Mammoth Lakes, 8253
Manhattan Beach, 35738
Manila, 784
Manteca, 71067
Manton, 347
March AFB, 1159
Maricopa, 1163
Marin City, 2666
Marina del Rey, 8866
Marina, 20253
Mariposa, 2173
Markleeville, 210
Martell, 282
Martinez, 36673
Marysville Rural, 7361
Marysville, 12152
Matheny, 1212
Mather, 108400
Maxwell, 1103
Mayfair, 4589
Mayflower Village, 5515
Maywood, 27659
McArthur, 338
McClellan Park, 743
McCloud-Medicine Lake, 1690
McCloud, 1101
McFarland, 12393
McKinleyville, 15177
McSwain, 4171
Mead Valley, 18510
Meadow Valley, 464
Meadow Vista, 3217
Meadowbrook, 3185
Mecca, 8577
Meiners Oaks, 3571
Mendocino, 894
Mendota, 11398
Menifee, 81474
Menlo Park, 32881
Mentone, 8720
Merced, 80793
Meridian-Robbins, 1855
Meridian, 358
Mesa Verde, 1023
Mesa, 251
Mexican Colony, 281
Mi-Wuk Village, 941
Middletown, 1323
Midpines, 1204
Midway City, 8485
Mill Valley, 14159
Millbrae, 22078
Millville, 727
Milpitas, 68800
Minkler, 1003
Mira Loma, 21930
Mira Monte, 6854
Miranda, 520
Mission Canyon, 2381
Mission Hills, 3576
Mission Viejo, 95290
Modesto, 203547
Mojave, 4238
Mokelumne Hill, 646
Mono Vista, 3127
Monrovia, 36955
Montague, 1419
Montalvin Manor, 2876
Montara, 2909
Montclair, 37528
Monte Rio, 1152
Monte Sereno, 3464
Montebello, 63305
Montecito, 8965
Monterey Park, 60937
Monterey, 29003
Monument Hills, 1542
Moorpark, 35088
Morada, 3828
Moraga, 17270
Moreno Valley, 199552
Morgan Hill, 39420
Morongo Valley, 3552
Morro Bay, 10370
Moskowite Corner, 211
Moss Beach, 3103
Moss Landing, 204
Mount Baldy-Wrightwood, 6995
Mount Hermon, 1037
Mount Shasta, 3330
Mountain Empire, 6830
Mountain Gate, 943
Mountain House, 9675
Mountain Mesa, 777
Mountain Ranch, 1628
Mountain View Acres, 3130
Mountain View, 76621
Muir Beach, 310
Murphys, 2213
Murrieta Hot Springs, 3887
Murrieta, 106810
Muscoy, 10644
Myrtletown, 4675
Napa, 78340
National City, 59387
Nebo Center, 1361
Needles, 4912
Nevada City, 3046
New Cuyama, 517
Newark, 43621
Newberry-Baker, 15792
Newcastle, 1224
Newell, 449
Newhall, 192980
Newman, 10576
Newport Beach, 87068
Newport Coast, 2765
Nice, 2731
Nicolaus, 211
Niland, 1006
Nipinnawasee, 475
Nipomo, 16714
Norco, 27393
Nord, 320
Norris Canyon, 957
North Antelope Valley, 153969
North Auburn, 13022
North Coastal, 20764
North Coast, 376527
North Edwards, 1058
North El Dorado, 31656
North El Monte, 3723
North Fair Oaks, 14687
North Gate, 679
North Highlands, 42694
North Lakeport, 3314
North Richmond, 3717
North San Juan, 269
North Shore, 3477
North Tustin, 24917
North Woodbridge, 1546
Northeast Marin, 54172
Northwest Marin, 9291
Norwalk, 106278
Novato, 53301
Nuevo, 6447
Oak Glen, 638
Oak Hills, 8879
Oak Park, 13811
Oak Shores, 337
Oak View, 4066
Oakdale, 21194
Oakhurst-North Fork, 30244
Oakhurst, 2829
Oakland, 400740
Oakley, 37278
Oasis, 6890
Occidental, 1115
Oceano, 7286
Oceanside, 171293
Ocotillo, 266
Oildale, 32684
Ojai, 7558
Old Fig Garden, 5365
Olivehurst, 13656
Ontario, 167211
Onyx, 475
Opal Cliffs, 5846
Orange Cove, 9580
Orangevale, 33960
Orange, 139419
Orcutt, 28905
Orick, 357
Orinda, 18342
Orland, 7396
Orosi, 8262
Oroville East, 8280
Oroville, 15566
Oxnard, 201555
Pacheco, 3685
Pacific Grove, 15407
Pacifica, 38189
Pajaro, 3070
Palermo, 5382
Palm Desert, 50013
Palm Springs, 45907
Palmdale, 155650
Palo Alto, 66363
Palo Cedro, 1269
Palomar-Julian, 6523
Palos Verdes Estates, 13606
Palos Verdes, 91593
Paradise Park, 389
Paradise, 26216
Paramount, 54680
Parklawn, 1337
Parksdale, 2621
Parkway-South Sacramento, 40720
Parkway, 14670
Parkwood, 2268
Parlier, 14777
Pasadena, 138547
Pasatiempo, 1041
Paso Robles, 42751
Patterson Tract, 1752
Patterson, 20659
Patton Village, 702
Pauma Valley, 7475
Pedley, 12672
Pendleton, 38073
Penn Valley, 1621
Penngrove, 2522
Penryn, 831
Perris Valley, 190588
Perris, 71326
Pescadero, 643
Petaluma, 58921
Peters, 672
Phelan, 14304
Philo, 349
Phoenix Lake-Cedar Ridge, 5219
Phoenix Lake, 4269
Pico Rivera, 63522
Piedmont, 10893
Pine Canyon, 1822
Pine Grove-Silver Lake, 10703
Pine Grove, 2219
Pine Hills, 3131
Pine Mountain Club, 2315
Pine Mountain Lake, 2796
Pine Valley, 1510
Pinole, 18729
Pinon Hills, 7272
Pioneer, 1094
Piru, 2063
Pismo Beach, 7785
Pittsburg, 65664
Pixley, 3310
Placentia, 51673
Placerville, 10348
Plainview, 945
Planada, 4584
Pleasant Hill, 33831
Pleasanton, 72338
Plumas Eureka, 339
Plumas Lake, 5853
Plymouth, 984
Point Arena, 447
Point Reyes Station, 848
Pollock Pines, 6871
Pomona, 150812
Poplar-Cotton Center, 2470
Port Hueneme, 21856
Porterville, 55023
Portola Hills, 6618
Portola Valley, 4490
Portola, 2030
Potrero, 656
Potter Valley, 646
Poway, 49071
Princeton, 303
Proberta, 267
Prunedale, 17560
Quail Valley, 2161
Quartz Hill, 10912
Quincy, 1728
Rackerby, 204
Rail Road Flat, 475
Rainbow, 1832
Raisin City, 380
Ramona, 20292
Rancho Calaveras, 5325
Rancho Cordova, 66997
Rancho Cucamonga, 170746
Rancho Mirage, 17687
Rancho Murieta, 5488
Rancho Palos Verdes, 42323
Rancho San Diego, 21208
Rancho Santa Fe, 3117
Rancho Santa Margarita, 48879
Rancho Tehama Reserve, 1485
Red Bluff, 14157
Red Corral, 1413
Red Mountain-Trona, 2659
Redding, 90755
Redlands, 69916
Redondo Beach, 67693
Redway, 1225
Redwood City, 79009
Redwood Valley, 1729
Redwood-Potter, 11545
Reedley, 24842
Reliez Valley, 3101
Rialto, 101740
Richfield, 306
Richgrove, 2882
Richmond, 106516
Richvale, 244
Ridgecrest, 28325
Ridgemark, 3016
Rio Dell, 3369
Rio Linda, 15106
Rio Oso, 356
Rio Vista, 7563
Rio del Mar, 9216
Ripley, 692
Ripon, 14686
River Pines, 379
Riverbank, 23298
Riverdale Park, 1128
Riverdale, 3153
Riverside, 313673
Robbins, 323
Rocklin, 59030
Rodeo, 8679
Rohnert Park, 41232
Rolling Hills Estates, 8190
Rolling Hills, 1886
Rollingwood, 2969
Romoland, 1684
Rosamond, 18150
Rose Hills, 2803
Rosedale, 14058
Roseland, 6325
Rosemead, 54393
Rosemont, 22681
Roseville, 124519
Ross Valley, 59297
Rossmoor, 10244
Ross, 2439
Rough and Ready, 963
Round Valley, 435
Rouse, 2005
Rowland Heights, 48993
Rubidoux, 34280
Running Springs, 4862
Russian River-Coastal, 24878
Sacramento Canyon, 1761
Sacramento, 475516
Salida, 13722
Salinas, 154484
Salton City, 3763
Salton Sea Beach, 422
Samoa, 258
San Andreas, 2783
San Anselmo, 12491
San Antonio Heights, 3371
San Ardo, 517
San Benito-Bitterwater, 907
San Bernardino, 213295
San Bruno, 42165
San Buenaventura (Ventura), 107734
San Carlos, 29092
San Clemente, 64882
San Diego Country Estates, 10109
San Diego, 1338348
San Dimas, 33737
San Fernando, 23880
San Francisco, 825863
San Gabriel, 40150
San Geronimo, 446
San Gorgonio Pass, 70591
San Jacinto, 45384
San Joaquin Hills, 3064
San Joaquin, 3998
San Jose, 982765
San Juan Bautista, 1900
San Juan Capistrano, 35360
San Leandro, 86890
San Lorenzo Valley, 28033
San Lorenzo, 23452
San Lucas, 269
San Luis Obispo, 45878
San Marcos, 86752
San Marino, 13269
San Martin, 7027
San Mateo, 99670
San Miguel, 2336
San Pablo, 29720
San Pasqual, 2041
San Rafael, 58502
San Ramon, 73927
San Simeon, 462
Sand City, 342
Sanger, 24567
Santa Ana, 330920
Santa Barbara, 89639
Santa Clara, 119311
Santa Clarita, 179013
Santa Cruz, 62041
Santa Fe Springs, 16767
Santa Margarita, 1259
Santa Maria Valley, 110971
Santa Maria, 101459
Santa Monica, 91812
Santa Nella, 1380
Santa Paula, 29963
Santa Rosa Valley, 3334
Santa Rosa, 170685
Santa Susana, 1037
Santa Venetia, 4292
Santa Ynez Valley, 21898
Santa Ynez, 4418
Santee, 55343
Saranap, 5202
Saratoga, 30677
Saticoy, 1029
Sausalito, 7037
Scotia, 850
Scotts Valley, 11670
Sea Ranch, 1305
Seacliff, 3267
Seal Beach, 24664
Searles Valley, 1739
Seaside, 33878
Sebastopol, 7525
Sedco Hills, 4058
Seeley, 1739
Selma, 23778
Seven Trees, 1703
Seville, 480
Shackelford, 3371
Shafter, 17117
Shandon, 1295
Shasta Lake, 10213
Shasta, 1771
Shaver Lake, 634
Shell Ridge, 959
Shelter Cove, 693
Sheridan, 1238
Shingle Springs, 4432
Shingletown, 2283
Sierra Brooks, 478
Sierra City, 221
Sierra Madre, 11016
Sierra Village, 456
Sierra, 19246
Signal Hill, 11185
Silver Lakes, 5623
Silverado Resort, 1095
Simi Valley, 125793
Sky Valley, 2406
Sleepy Hollow, 2384
Sloughhouse, 6043
Smith Corner, 524
Smith River-Gasquet, 3948
Smith River, 866
Snelling, 1336
Soda Bay, 1016
Solana Beach, 13154
Soledad, 26478
Solvang, 5343
Sonoma, 10849
Sonora, 4804
Soquel, 9644
Soulsbyville, 2215
South Antelope Valley, 171490
South Bay Cities, 134363
South Coastside, 28564
South Coast, 298389
South Dos Palos, 1620
South El Dorado, 87572
South El Monte, 20296
South Gate, 95304
South Lake Tahoe, 21286
South Monrovia Island, 6777
South Oroville, 5742
South Pasadena, 25860
South San Francisco, 65547
South San Gabriel, 8070
South San Jose Hills, 20551
South Sutter, 3124
South Taft, 2169
South Whittier, 57156
South Woodbridge, 3308
South Yuba City, 14624
Southeast Marin, 51775
Southwest Marin, 2966
Southwest San Gabriel Valley, 326450
Southwest Shasta, 4229
Spreckels, 673
Spring Valley Lake, 8220
Spring Valley, 28205
Springville-Johnsondale, 5837
Springville, 934
Squaw Valley, 3162
Squirrel Mountain Valley, 547
St. Helena, 5907
Stallion Springs, 2488
Stanford, 13809
Stanton, 38915
Stevenson Ranch, 17557
Stevinson, 313
Stinson Beach, 632
Stirling City, 295
Stockton, 297984
Stratford, 1277
Strathmore, 2819
Strawberry, 5393
Suisun City, 28644
Sultana, 775
Summerland, 1448
Sun City, 23436
Sun Village, 11565
Sunnyside-Tahoe City, 1557
Sunnyside, 4235
Sunnyslope, 5153
Sunnyvale, 146197
Sunol-Midtown, 764
Sunol, 913
Sunset Beach, 971
Surprise Valley, 1257
Susanville, 16616
Sutter Creek, 2457
Sutter, 2904
Swall Meadows, 220
Taft Heights, 1949
Taft Mosswood, 1530
Taft, 8954
Tahoe Vista, 1433
Tahoma, 1191
Talmage, 1130
Tamalpais-Homestead Valley, 10735
Tara Hills, 5126
Tarpey Village, 3888
Tassajara, 28330
Tehachapi, 13784
Tehama, 419
Temecula, 105208
Temelec, 1441
Temescal Valley, 22535
Temple City, 36099
Templeton, 7674
Terminous, 381
Terra Bella, 3310
Teviston, 1214
Thermalito, 6646
Thermal, 2865
Thornton, 5446
Thousand Oaks, 128412
Thousand Palms, 7715
Three Rivers, 2182
Three Rocks, 246
Tiburon, 9093
Tierra Buena, 5302
Tipton, 2543
Tomales, 204
Tonyville, 316
Tooleville, 339
Topanga, 8289
Toro Canyon, 1508
Toro, 10399
Torrance, 147027
Trabuco, 193712
Tracy, 84669
Tranquillity, 799
Traver, 713
Tres Pinos, 476
Trinidad, 364
Trinity Center, 267
Trinity Village, 297
Trinity-Klamath, 5529
Triunfo Pass-Coastal, 1601
Trowbridge, 226
Truckee, 16156
Tulare, 60933
Tule Lake, 1109
Tulelake, 993
Tuolumne City, 1779
Turlock, 69733
Tustin Foothills, 24898
Tustin, 78049
Tuttletown, 668
Twain Harte, 2226
Twentynine Palms Base, 9756
Twentynine Palms, 25713
Twin Lakes, 4917
Ukiah, 15907
Union City, 71763
University of California Davis, 5786
Upland, 75209
Upper Lake, 1052
Upper San Gabriel Valley, 327431
Vacaville, 93899
Val Verde, 2468
Valinda, 22822
Valle Vista, 14578
Vallecito, 442
Vallejo, 117796
Valley Acres, 527
Valley Center, 9277
Valley Home, 228
Valley Springs, 3553
Vandenberg AFB, 3338
Vandenberg Village, 6497
Ventura, 110873
Victorville, 120336
Victor, 293
View Park-Windsor Hills, 11075
Villa Park, 5925
Vina, 237
Vincent, 15922
Vine Hill, 3761
Vineyard, 24836
Visalia, 127081
Vista Santa Rosa, 2926
Vista, 96047
Volta, 246
Waldon, 5364
Walker, 721
Wallace, 403
Walnut Creek, 65695
Walnut Grove, 1542
Walnut Park, 15966
Walnut, 30011
Warm Springs, 2676
Wasco, 25495
Waterford, 8559
Waterloo, 572
Watsonville, 51881
Weaverville, 3600
Weedpatch, 2658
Weed, 2941
Weldon, 2642
Weott, 288
West Athens, 8729
West Bishop, 2607
West Carson, 21699
West Colusa, 1021
West Compton, 5544
West Contra Costa, 250207
West Covina, 107440
West Goshen, 511
West Hollywood, 34781
West Imperial, 8265
West Menlo Park, 3659
West Modesto, 5682
West Park, 1157
West Point-Wilseyville, 13048
West Point, 674
West Puente Valley, 22636
West Rancho Dominguez, 5669
West Sacramento, 49523
West Santa Clara, 8318
West Sierra, 978
West Tehama, 4262
West Valley, 29595
West Whittier-Los Nietos, 25540
Westhaven-Moonstone, 1205
Westlake Village, 8399
Westley, 603
Westminster, 91377
Westmont, 31853
Westmorland, 2267
Westport, 4615
Westside, 32384
Westwood, 1647
Wheatland, 3514
Whitewater, 859
Whitley Gardens, 285
Whittier, 86177
Wildomar, 33192
Wilkerson, 563
Williams, 5166
Willits, 4845
Willow Creek, 1710
Willowbrook, 35983
Willows, 6128
Wilton, 5363
Winchester, 2534
Windsor, 27144
Winter Gardens, 20631
Winterhaven-Bard, 3814
Winterhaven, 394
Winters, 6898
Winton, 10613
Wofford Heights, 2200
Woodacre, 1348
Woodbridge, 3984
Woodcrest, 14347
Woodlake, 7389
Woodlands, 576
Woodland, 56271
Woodside, 5461
Woodville, 1740
Wrightwood, 4525
Yankee Hill, 333
Yettem, 211
Yolo, 450
Yorba Linda, 66735
Yosemite Lakes, 4952
Yosemite Valley, 1035
Yosemite, 2373
Yountville, 2965
Yreka, 7679
Yuba City, 65105
Yuba Foothills, 5446
Yuba Rural, 2848
Yucaipa, 52265
Yucca Valley, 21098
Zayante, 705